age,mean,sigma
0,3.248943,0.106742
0.1,3.248252,0.10463
0.2,3.248081,0.102932
0.3,3.248746,0.101767
0.4,3.249912,0.100772
0.5,3.251762,0.100364
0.6,3.253754,0.100444
0.7,3.255479,0.100597
0.8,3.256041,0.100811
0.9,3.255658,0.100698
1,3.253522,0.100549
1.1,3.249911,0.100416
1.2,3.245328,0.099988
1.3,3.2405,0.099224
1.4,3.236,0.097908
1.5,3.232356,0.096363
1.6,3.229979,0.094826
1.7,3.228586,0.093178
1.8,3.228035,0.091499
1.9,3.227491,0.089554
2,3.227025,0.087704
2.1,3.226296,0.086213
2.2,3.225013,0.084941
2.3,3.223387,0.083981
2.4,3.221737,0.083008
2.5,3.219997,0.082398
2.6,3.218376,0.082101
2.7,3.217386,0.081926
2.8,3.216688,0.081786
2.9,3.216403,0.081256
3,3.216743,0.080956
3.1,3.217019,0.081015
3.2,3.216864,0.081189
3.3,3.216429,0.081545
3.4,3.215611,0.081828
3.5,3.214235,0.082398
3.6,3.212762,0.083394
3.7,3.211056,0.084677
3.8,3.209396,0.086323
3.9,3.2079,0.088035
4,3.206846,0.090214
4.1,3.206394,0.092945
4.2,3.207063,0.09589
4.3,3.208681,0.099004
4.4,3.210971,0.101933
4.5,3.214048,0.104906
4.6,3.217931,0.107801
4.7,3.222137,0.110457
4.8,3.226386,0.112741
4.9,3.230373,0.114471
5,3.233984,0.115894
5.1,3.237395,0.117134
5.2,3.240415,0.118117
5.3,3.243164,0.118963
5.4,3.245571,0.119507
5.5,3.247556,0.120007
5.6,3.248782,0.120545
5.7,3.249698,0.12099
5.8,3.2502,0.121359
5.9,3.250587,0.121434
6,3.250799,0.121477
6.1,3.250905,0.121523
6.2,3.250784,0.121451
6.3,3.250839,0.121236
6.4,3.251399,0.120685
6.5,3.252733,0.120003
6.6,3.254966,0.119167
6.7,3.258058,0.118175
6.8,3.261796,0.117152
6.9,3.265763,0.11603
7,3.27006,0.115207
7.1,3.274542,0.114749
7.2,3.278965,0.114757
7.3,3.283282,0.115393
7.4,3.287297,0.116497
7.5,3.290839,0.11841
7.6,3.293909,0.121251
7.7,3.296866,0.124783
7.8,3.300269,0.128863
7.9,3.304218,0.133154
8,3.309455,0.137655
8.1,3.316365,0.142183
8.2,3.324832,0.146395
8.3,3.3345,0.150199
8.4,3.344618,0.15327
8.5,3.355457,0.155653
8.6,3.366755,0.157204
8.7,3.377911,0.157947
8.8,3.388341,0.157857
8.9,3.398386,0.156974
9,3.407348,0.155537
9.1,3.415159,0.153871
9.2,3.421666,0.152133
9.3,3.426957,0.150514
9.4,3.431738,0.149091
9.5,3.435875,0.148158
9.6,3.439756,0.147814
9.7,3.443804,0.147928
9.8,3.448461,0.148394
9.9,3.45353,0.148954
10,3.459477,0.149636
10.1,3.466097,0.150316
10.2,3.473797,0.150694
10.3,3.482662,0.150756
10.4,3.492222,0.150411
10.5,3.502809,0.149729
10.6,3.514489,0.148744
10.7,3.526773,0.147353
10.8,3.539744,0.145521
10.9,3.552938,0.143198
11,3.566453,0.140781
11.1,3.579925,0.138678
11.2,3.59339,0.137345
11.3,3.606462,0.13729
11.4,3.619129,0.138612
11.5,3.631315,0.141564
11.6,3.643935,0.145939
11.7,3.65716,0.151404
11.8,3.671459,0.157669
11.9,3.687274,0.164252
12,3.706548,0.170997
12.1,3.729726,0.17759
12.2,3.756171,0.18347
12.3,3.785742,0.187887
12.4,3.816866,0.190372
12.5,3.849282,0.190765
12.6,3.881531,0.188976
12.7,3.91253,0.18493
12.8,3.941807,0.179125
12.9,3.969012,0.171863
13,3.992622,0.163834
13.1,4.012485,0.155653
13.2,4.029357,0.147526
13.3,4.043441,0.139675
13.4,4.056233,0.131892
13.5,4.067278,0.124703
13.6,4.077212,0.118782
13.7,4.086871,0.114555
13.8,4.096566,0.112491
13.9,4.106925,0.11241
14,4.118382,0.11443
14.1,4.131325,0.117965
14.2,4.145738,0.122152
14.3,4.16189,0.126465
14.4,4.178896,0.13038
14.5,4.197965,0.134019
14.6,4.218774,0.137398
14.7,4.240747,0.140571
14.8,4.263571,0.143657
14.9,4.286857,0.146069
15,4.310321,0.147324
15.1,4.334386,0.146794
15.2,4.359304,0.144438
15.3,4.385314,0.140863
15.4,4.412346,0.137124
15.5,4.441511,0.134868
15.6,4.472929,0.135078
15.7,4.505774,0.1376
15.8,4.53993,0.140426
15.9,4.574305,0.141269
16,4.608474,0.140232
16.1,4.641972,0.13857
16.2,4.674609,0.137332
16.3,4.705912,0.137335
16.4,4.736273,0.138234
16.5,4.765144,0.139841
16.6,4.792632,0.141627
16.7,4.818565,0.143012
16.8,4.842881,0.143774
16.9,4.866171,0.143429
17,4.887606,0.141929
17.1,4.906366,0.139111
17.2,4.922827,0.135091
17.3,4.936586,0.130888
17.4,4.94868,0.127786
17.5,4.957935,0.127014
17.6,4.964632,0.128439
17.7,4.970413,0.130634
17.8,4.976066,0.132064
17.9,4.982417,0.131724
18,4.990417,0.130452
18.1,5.000439,0.129416
18.2,5.011284,0.129307
18.3,5.022523,0.129626
18.4,5.032947,0.128588
18.5,5.04043,0.125058
18.6,5.043731,0.119243
18.7,5.043707,0.112849
18.8,5.04028,0.107395
18.9,5.035159,0.10337
19,5.028589,0.101563
19.1,5.021326,0.10187
19.2,5.014693,0.10333
19.3,5.009057,0.105316
19.4,5.004504,0.106934
19.5,5.001668,0.108099
19.6,5.000949,0.108801
19.7,5.001083,0.109012
19.8,5.00192,0.108916
19.9,5.002813,0.108527
20,5.003375,0.108259
20.1,5.003182,0.108183
20.2,5.002253,0.108108
20.3,5.000778,0.10795
20.4,4.999057,0.107325
20.5,4.996991,0.106489
20.6,4.994383,0.105463
20.7,4.991647,0.104095
20.8,4.988748,0.102405
20.9,4.985655,0.100106
21,4.982621,0.097644
21.1,4.979805,0.09524
21.2,4.977103,0.092787
21.3,4.974181,0.090525
21.4,4.971157,0.088356
21.5,4.96758,0.086991
21.6,4.963455,0.086715
21.7,4.958826,0.087431
21.8,4.953688,0.089228
21.9,4.948206,0.091655
22,4.941741,0.09502
22.1,4.93399,0.099164
22.2,4.925184,0.103598
22.3,4.915309,0.108097
22.4,4.904913,0.112077
22.5,4.894107,0.115781
22.6,4.883224,0.119182
22.7,4.872576,0.12206
22.8,4.862639,0.124439
22.9,4.853342,0.126206
23,4.84517,0.127561
23.1,4.838081,0.12834
23.2,4.831751,0.128296
23.3,4.82599,0.127206
23.4,4.820468,0.124948
23.5,4.81587,0.122149
23.6,4.81315,0.119226
23.7,4.812086,0.116535
23.8,4.813095,0.114256
23.9,4.815799,0.112072
24,4.821339,0.110199
24.1,4.829056,0.108703
24.2,4.838121,0.107325
24.3,4.847768,0.105949
24.4,4.85664,0.104604
24.5,4.863005,0.103739
24.6,4.866093,0.103469
24.7,4.866125,0.103407
24.8,4.863437,0.103283
24.9,4.859837,0.102627
25,4.85541,0.10163
25.1,4.850847,0.100264
25.2,4.846826,0.098643
25.3,4.843211,0.09723
25.4,4.839659,0.096154
25.5,4.836238,0.096375
25.6,4.83261,0.09844
25.7,4.82894,0.102268
25.8,4.82524,0.10762
25.9,4.821813,0.113662
26,4.81905,0.120062
26.1,4.81753,0.12628
26.2,4.816611,0.131784
26.3,4.816273,0.136447
26.4,4.815796,0.139962
26.5,4.813947,0.142546
26.6,4.809226,0.144346
26.7,4.802314,0.145359
26.8,4.792856,0.145589
26.9,4.782072,0.144927
27,4.76977,0.143489
27.1,4.75676,0.141409
27.2,4.743375,0.138431
27.3,4.730397,0.135086
27.4,4.717819,0.131596
27.5,4.706534,0.12832
27.6,4.697572,0.125365
27.7,4.690356,0.122894
27.8,4.684674,0.121085
27.9,4.679784,0.119958
28,4.675761,0.120101
28.1,4.671741,0.121798
28.2,4.667355,0.124853
28.3,4.662604,0.128598
28.4,4.657392,0.131904
28.5,4.650948,0.13409
28.6,4.643072,0.134914
28.7,4.635022,0.13445
28.8,4.626751,0.133102
28.9,4.619141,0.131398
29,4.613942,0.130313
29.1,4.61273,0.129947
29.2,4.614651,0.130111
29.3,4.619857,0.130515
29.4,4.626628,0.130611
29.5,4.635112,0.13017
29.6,4.643935,0.129115
29.7,4.651862,0.127557
29.8,4.658366,0.126047
29.9,4.663414,0.124839
30,4.665695,0.124622
30.1,4.664946,0.125459
30.2,4.662266,0.126924
30.3,4.658027,0.128481
30.4,4.6535,0.12944
30.5,4.649244,0.129469
30.6,4.64643,0.128235
30.7,4.645266,0.125463
30.8,4.646121,0.121497
30.9,4.648051,0.116559
31,4.651456,0.111493
31.1,4.655403,0.107079
31.2,4.659235,0.103574
31.3,4.661866,0.100995
31.4,4.663538,0.099135
31.5,4.663902,0.098202
31.6,4.662243,0.098136
31.7,4.659073,0.098619
31.8,4.655118,0.099254
31.9,4.650894,0.099732
32,4.645601,0.100028
32.1,4.640714,0.10009
32.2,4.636202,0.099553
32.3,4.63234,0.098812
32.4,4.629015,0.097981
32.5,4.627235,0.09751
32.6,4.626486,0.097615
32.7,4.626676,0.098189
32.8,4.62721,0.09935
32.9,4.627487,0.10091
33,4.626341,0.102975
33.1,4.62324,0.105078
33.2,4.618285,0.106524
33.3,4.611574,0.106858
33.4,4.60427,0.105839
33.5,4.596801,0.104056
33.6,4.589689,0.102112
33.7,4.583211,0.10041
33.8,4.577521,0.099431
33.9,4.572284,0.099038
34,4.567731,0.099502
34.1,4.563199,0.100908
34.2,4.558385,0.102858
34.3,4.553242,0.105247
34.4,4.547823,0.108131
34.5,4.54169,0.111704
34.6,4.535576,0.116371
34.7,4.529476,0.122076
34.8,4.523277,0.128781
34.9,4.516511,0.13587
35,4.508523,0.142978
35.1,4.499013,0.149652
35.2,4.488822,0.155303
35.3,4.478358,0.159606
35.4,4.468595,0.162109
35.5,4.46055,0.162674
35.6,4.455236,0.161492
35.7,4.451646,0.1588
35.8,4.449899,0.154879
35.9,4.448943,0.149948
36,4.449166,0.144378
36.1,4.448775,0.138632
36.2,4.447873,0.13305
36.3,4.445775,0.127987
36.4,4.442441,0.123478
36.5,4.437076,0.119858
36.6,4.430127,0.117229
36.7,4.421847,0.115391
36.8,4.412631,0.114252
36.9,4.403392,0.113577
37,4.393774,0.113422
37.1,4.384533,0.113615
37.2,4.375818,0.114329
37.3,4.367673,0.11561
37.4,4.359885,0.117202
37.5,4.353413,0.119102
37.6,4.348886,0.121106
37.7,4.346418,0.123119
37.8,4.345507,0.125369
37.9,4.345885,0.12761
38,4.348789,0.129847
38.1,4.354156,0.132139
38.2,4.361511,0.134466
38.3,4.371312,0.136418
38.4,4.382399,0.137817
38.5,4.395382,0.138655
38.6,4.409963,0.138836
38.7,4.425345,0.138439
38.8,4.441705,0.137238
38.9,4.458231,0.135283
39,4.474748,0.132891
39.1,4.490872,0.130013
39.2,4.50621,0.126754
39.3,4.520839,0.123429
39.4,4.535215,0.120064
39.5,4.548595,0.116916
39.6,4.560757,0.114273
39.7,4.57189,0.112156
39.8,4.581433,0.110664
39.9,4.589606,0.109587
40,4.595715,0.109122
40.1,4.599488,0.109005
40.2,4.60148,0.108974
40.3,4.602031,0.10894
40.4,4.601828,0.108572
40.5,4.600135,0.108104
40.6,4.597098,0.107533
40.7,4.593517,0.106788
40.8,4.589428,0.105986
40.9,4.585723,0.104995
41,4.582831,0.104231
41.1,4.581124,0.1038
41.2,4.580643,0.103662
41.3,4.581829,0.103957
41.4,4.583362,0.104396
41.5,4.586243,0.105132
41.6,4.59052,0.10617
41.7,4.595047,0.107307
41.8,4.598779,0.108668
41.9,4.601853,0.11001
42,4.603167,0.111477
42.1,4.602029,0.112914
42.2,4.598553,0.114255
42.3,4.593483,0.115547
42.4,4.587656,0.116761
42.5,4.580703,0.118081
42.6,4.572765,0.119555
42.7,4.564961,0.121249
42.8,4.556709,0.12306
42.9,4.548196,0.124795
43,4.539094,0.126649
43.1,4.529884,0.128513
43.2,4.520092,0.130028
43.3,4.509888,0.13141
43.4,4.500114,0.132297
43.5,4.491093,0.133119
43.6,4.483343,0.134126
43.7,4.477061,0.135203
43.8,4.47256,0.136347
43.9,4.469268,0.137453
44,4.467404,0.138829
44.1,4.46631,0.140665
44.2,4.4664,0.142765
44.3,4.467484,0.14505
44.4,4.468857,0.147355
44.5,4.471483,0.149589
44.6,4.475166,0.151572
44.7,4.479398,0.153058
44.8,4.484043,0.154166
44.9,4.48842,0.154812
45,4.492647,0.154891
45.1,4.496635,0.154672
45.2,4.500235,0.154122
45.3,4.503344,0.153212
45.4,4.506236,0.152028
45.5,4.507755,0.150711
45.6,4.507802,0.149433
45.7,4.506683,0.148205
45.8,4.504716,0.1469
45.9,4.502283,0.145538
46,4.499495,0.144173
46.1,4.49653,0.142818
46.2,4.493049,0.141671
46.3,4.489365,0.140589
46.4,4.4856,0.139855
46.5,4.481763,0.13971
46.6,4.478084,0.140095
46.7,4.474401,0.141264
46.8,4.47046,0.143116
46.9,4.466193,0.14537
47,4.46144,0.148267
47.1,4.456573,0.151659
47.2,4.451475,0.155309
47.3,4.44609,0.15904
47.4,4.440809,0.162602
47.5,4.436271,0.165792
47.6,4.432872,0.168576
47.7,4.430506,0.170798
47.8,4.429199,0.172397
47.9,4.428664,0.17316
48,4.42957,0.173105
48.1,4.43142,0.172383
48.2,4.434208,0.171026
48.3,4.43758,0.169266
48.4,4.44101,0.167286
48.5,4.444273,0.165372
48.6,4.447119,0.163665
48.7,4.449837,0.162097
48.8,4.452689,0.160697
48.9,4.455746,0.159283
49,4.458911,0.157829
49.1,4.462303,0.156323
49.2,4.465786,0.154738
49.3,4.469615,0.152889
49.4,4.473632,0.150845
49.5,4.477624,0.148698
49.6,4.481121,0.146521
49.7,4.484403,0.144525
49.8,4.48715,0.142769
49.9,4.489658,0.141145
50,4.49158,0.139787
50.1,4.4929,0.138868
50.2,4.49403,0.138198
50.3,4.494699,0.13767
50.4,4.494775,0.13728
50.5,4.494254,0.137159
50.6,4.493422,0.137179
50.7,4.491907,0.137211
50.8,4.489501,0.137339
50.9,4.4869,0.137438
51,4.483827,0.137514
51.1,4.479608,0.137586
51.2,4.474458,0.137531
51.3,4.468759,0.137471
51.4,4.463021,0.13742
51.5,4.456875,0.137323
51.6,4.450403,0.13722
51.7,4.443603,0.136992
51.8,4.436796,0.136817
51.9,4.429798,0.136562
52,4.42271,0.136262
52.1,4.415992,0.135898
52.2,4.409573,0.135439
52.3,4.403288,0.134769
52.4,4.396722,0.133759
52.5,4.390217,0.132639
52.6,4.384197,0.131562
52.7,4.378577,0.130606
52.8,4.373439,0.129861
52.9,4.368562,0.129209
53,4.364103,0.128798
53.1,4.360482,0.128664
53.2,4.357707,0.1286
53.3,4.355699,0.128529
53.4,4.354274,0.128404
53.5,4.353773,0.12843
53.6,4.354123,0.12861
53.7,4.355313,0.128743
53.8,4.357732,0.12875
53.9,4.360754,0.128673
54,4.364277,0.128612
54.1,4.368104,0.128426
54.2,4.371984,0.128193
54.3,4.375756,0.127932
54.4,4.379916,0.127453
54.5,4.384495,0.126888
54.6,4.389029,0.126301
54.7,4.393701,0.125603
54.8,4.398371,0.124785
54.9,4.402892,0.123884
55,4.407557,0.123083
55.1,4.41264,0.122348
55.2,4.417912,0.121762
55.3,4.42329,0.121373
55.4,4.42858,0.120951
55.5,4.433929,0.120569
55.6,4.439098,0.120166
55.7,4.444039,0.11991
55.8,4.448583,0.119798
55.9,4.452813,0.119619
56,4.456032,0.119609
56.1,4.457979,0.119793
56.2,4.458252,0.120078
56.3,4.456939,0.120465
56.4,4.454718,0.120902
56.5,4.451063,0.121558
56.6,4.445785,0.122454
56.7,4.439726,0.12351
56.8,4.432745,0.124669
56.9,4.425301,0.125737
57,4.417157,0.126803
57.1,4.408456,0.127734
57.2,4.399459,0.128652
57.3,4.390301,0.129465
57.4,4.381076,0.130157
57.5,4.372146,0.130974
57.6,4.363973,0.131896
57.7,4.356411,0.132659
57.8,4.349575,0.133431
57.9,4.342984,0.13416
58,4.336557,0.134918
58.1,4.330351,0.135722
58.2,4.324405,0.136605
58.3,4.318532,0.137475
58.4,4.312625,0.138179
58.5,4.307078,0.138874
58.6,4.301947,0.139542
58.7,4.297211,0.140058
58.8,4.292973,0.140473
58.9,4.289514,0.140617
59,4.28767,0.14054
59.1,4.287417,0.140374
59.2,4.288754,0.140168
59.3,4.292033,0.139785
59.4,4.296503,0.139069
59.5,4.302508,0.138208
59.6,4.309616,0.137196
59.7,4.317239,0.136005
59.8,4.325363,0.134656
59.9,4.333552,0.133133
60,4.341792,0.131608
60.1,4.350543,0.130133
60.2,4.359572,0.128565
60.3,4.368746,0.127066
60.4,4.377787,0.125463
60.5,4.386624,0.123925
60.6,4.395156,0.122504
60.7,4.40342,0.121166
60.8,4.410992,0.119888
60.9,4.41845,0.118525
61,4.425764,0.117395
61.1,4.433094,0.116575
61.2,4.440329,0.11592
61.3,4.447636,0.115451
61.4,4.455026,0.114997
61.5,4.462625,0.114908
61.6,4.470256,0.115011
61.7,4.478198,0.115216
61.8,4.486823,0.115643
61.9,4.495496,0.116009
62,4.504424,0.116331
62.1,4.51392,0.116757
62.2,4.523966,0.117203
62.3,4.534699,0.117656
62.4,4.545873,0.117842
62.5,4.557412,0.117706
62.6,4.568808,0.117333
62.7,4.579824,0.116844
62.8,4.590337,0.116141
62.9,4.600856,0.115231
63,4.610949,0.114255
63.1,4.620405,0.113358
63.2,4.628925,0.112285
63.3,4.636265,0.11119
63.4,4.642809,0.110096
63.5,4.648227,0.109062
63.6,4.652864,0.108061
63.7,4.656886,0.107092
63.8,4.660054,0.106096
63.9,4.662699,0.105213
64,4.66445,0.104651
64.1,4.665444,0.104311
64.2,4.666066,0.104113
64.3,4.666275,0.103968
64.4,4.666176,0.103632
64.5,4.665378,0.10332
64.6,4.663553,0.103249
64.7,4.661286,0.103302
64.8,4.6588,0.10356
64.9,4.656163,0.103712
65,4.653317,0.104108
65.1,4.650829,0.104542
65.2,4.648277,0.104798
65.3,4.645679,0.104923
65.4,4.643254,0.104778
65.5,4.641023,0.104388
65.6,4.638543,0.104032
65.7,4.636242,0.103683
65.8,4.634247,0.103183
65.9,4.632215,0.102427
66,4.63016,0.101624
66.1,4.628185,0.100986
66.2,4.626108,0.100447
66.3,4.623479,0.10006
66.4,4.620728,0.099733
66.5,4.618068,0.099575
66.6,4.614895,0.099542
66.7,4.611237,0.099677
66.8,4.607629,0.100051
66.9,4.603771,0.100297
67,4.599702,0.100797
67.1,4.595713,0.101754
67.2,4.59186,0.102995
67.3,4.587957,0.104533
67.4,4.584008,0.106138
67.5,4.579839,0.108018
67.6,4.575588,0.110319
67.7,4.571084,0.113001
67.8,4.565927,0.116028
67.9,4.56038,0.119211
68,4.554294,0.12278
68.1,4.547319,0.12671
68.2,4.539527,0.130824
68.3,4.530869,0.135152
68.4,4.521931,0.139567
68.5,4.512598,0.144157
68.6,4.502922,0.148909
68.7,4.492908,0.153721
68.8,4.482934,0.158625
68.9,4.472834,0.163414
69,4.462112,0.168139
69.1,4.451047,0.172767
69.2,4.439748,0.177182
69.3,4.428343,0.181362
69.4,4.417018,0.185278
69.5,4.405414,0.188976
69.6,4.393876,0.192389
69.7,4.382689,0.195498
69.8,4.371908,0.198256
69.9,4.361367,0.200657
70,4.351256,0.202748
70.1,4.341541,0.204397
70.2,4.332452,0.205749
70.3,4.32373,0.206825
70.4,4.315221,0.207602
70.5,4.307368,0.208108
70.6,4.299857,0.208371
70.7,4.292476,0.208433
70.8,4.285172,0.208352
70.9,4.278004,0.208085
71,4.271219,0.207571
71.1,4.264769,0.206849
71.2,4.258639,0.205917
71.3,4.252988,0.204721
71.4,4.247416,0.20325
71.5,4.242677,0.201585
71.6,4.238765,0.199799
71.7,4.235613,0.197874
71.8,4.233492,0.19573
71.9,4.232093,0.193495
72,4.231859,0.191162
72.1,4.23295,0.188897
72.2,4.234945,0.186734
72.3,4.237886,0.18468
72.4,4.241394,0.182676
72.5,4.245407,0.180821
72.6,4.249846,0.179108
72.7,4.254114,0.177479
72.8,4.257641,0.1759
72.9,4.260531,0.174383
73,4.261822,0.172927
73.1,4.261527,0.171531
73.2,4.259957,0.170244
73.3,4.256766,0.169149
73.4,4.25258,0.168126
73.5,4.246645,0.167257
73.6,4.23883,0.166499
73.7,4.229658,0.165856
73.8,4.219266,0.165335
73.9,4.208095,0.164825
74,4.195484,0.164482
74.1,4.181293,0.16427
74.2,4.165568,0.164048
74.3,4.148724,0.163839
74.4,4.131219,0.163432
74.5,4.112655,0.162809
74.6,4.092933,0.161987
74.7,4.07256,0.161063
74.8,4.052001,0.159941
74.9,4.031736,0.158665
75,4.01277,0.157188
75.1,3.99561,0.155496
75.2,3.980803,0.153596
75.3,3.968456,0.151666
75.4,3.957645,0.149743
75.5,3.949942,0.147759
75.6,3.945655,0.145982
75.7,3.944198,0.144241
75.8,3.945502,0.142719
75.9,3.948276,0.141263
76,3.953446,0.140016
76.1,3.960727,0.138999
76.2,3.969359,0.138038
76.3,3.9793,0.137104
76.4,3.990157,0.136022
76.5,4.002068,0.13489
76.6,4.014946,0.133613
76.7,4.028182,0.132068
76.8,4.040999,0.130224
76.9,4.053596,0.128253
77,4.065017,0.126171
77.1,4.074978,0.124202
77.2,4.083632,0.122272
77.3,4.090813,0.120489
77.4,4.096416,0.118771
77.5,4.099878,0.117339
77.6,4.101353,0.116491
77.7,4.100773,0.115986
77.8,4.098699,0.115806
77.9,4.095982,0.115788
78,4.092331,0.115994
78.1,4.087695,0.116331
78.2,4.082661,0.116754
78.3,4.077528,0.117264
78.4,4.072184,0.117739
78.5,4.066917,0.118262
78.6,4.062083,0.118666
78.7,4.057346,0.119022
78.8,4.052589,0.119301
78.9,4.0482,0.119551
79,4.043714,0.119804
79.1,4.039173,0.120016
79.2,4.034874,0.120242
79.3,4.030381,0.120539
79.4,4.02584,0.120767
79.5,4.021306,0.121096
79.6,4.016576,0.121575
79.7,4.011865,0.121992
79.8,4.007113,0.122329
79.9,4.002366,0.122551
80,3.997713,0.122847
80.1,3.992891,0.123252
80.2,3.987566,0.123611
80.3,3.982051,0.12397
80.4,3.976263,0.12418
80.5,3.969924,0.124404
80.6,3.963173,0.12463
80.7,3.956387,0.124877
80.8,3.949484,0.125136
80.9,3.942402,0.125299
81,3.934957,0.125622
81.1,3.927106,0.126074
81.2,3.919144,0.126445
81.3,3.911102,0.126841
81.4,3.902998,0.127148
81.5,3.89492,0.127321
81.6,3.886899,0.127485
81.7,3.878763,0.127604
81.8,3.870588,0.127563
81.9,3.862658,0.127355
82,3.855006,0.12705
82.1,3.847501,0.126768
82.2,3.840379,0.126599
82.3,3.833488,0.1266
82.4,3.826744,0.126592
82.5,3.820163,0.126774
82.6,3.813985,0.127151
82.7,3.807623,0.127586
82.8,3.801244,0.128103
82.9,3.794788,0.128559
83,3.788286,0.129048
83.1,3.781441,0.129656
83.2,3.774647,0.130304
83.3,3.767796,0.130884
83.4,3.760639,0.131334
83.5,3.753246,0.131783
83.6,3.74561,0.132216
83.7,3.737675,0.132635
83.8,3.729476,0.133065
83.9,3.721278,0.133298
84,3.712861,0.133345
84.1,3.70481,0.133189
84.2,3.696857,0.132892
84.3,3.689225,0.132593
84.4,3.682074,0.132104
84.5,3.676264,0.131533
84.6,3.671606,0.130945
84.7,3.668163,0.130179
84.8,3.665861,0.129446
84.9,3.664239,0.128686
85,3.664224,0.128091
85.1,3.665409,0.127707
85.2,3.66833,0.127467
85.3,3.672753,0.127391
85.4,3.678471,0.127357
85.5,3.686077,0.127583
85.6,3.696198,0.127923
85.7,3.707971,0.128362
85.8,3.721821,0.128736
85.9,3.736706,0.129051
86,3.753408,0.129539
86.1,3.772465,0.130037
86.2,3.792661,0.130461
86.3,3.813918,0.130904
86.4,3.835424,0.131192
86.5,3.856823,0.131263
86.6,3.878017,0.131236
86.7,3.898897,0.131239
86.8,3.919386,0.131329
86.9,3.939619,0.13141
87,3.958996,0.131681
87.1,3.977567,0.132218
87.2,3.995539,0.13293
87.3,4.012869,0.133778
87.4,4.029996,0.134611
87.5,4.046815,0.135474
87.6,4.063256,0.136285
87.7,4.079498,0.137021
87.8,4.09531,0.13772
87.9,4.11052,0.138161
88,4.124904,0.138413
88.1,4.137901,0.138309
88.2,4.149935,0.138107
88.3,4.16083,0.137806
88.4,4.170979,0.137327
88.5,4.179914,0.136756
88.6,4.186508,0.136032
88.7,4.191294,0.135314
88.8,4.194762,0.134726
88.9,4.197262,0.134168
89,4.19809,0.13384
89.1,4.197359,0.133749
89.2,4.194989,0.133834
89.3,4.190859,0.133967
89.4,4.185848,0.134025
89.5,4.179472,0.134067
89.6,4.171959,0.134045
89.7,4.163653,0.133861
89.8,4.154477,0.133612
89.9,4.145025,0.133273
90,4.134891,0.13281
90.1,4.124767,0.1324
90.2,4.114632,0.131882
90.3,4.10423,0.131295
90.4,4.093806,0.130535
90.5,4.083282,0.129654
90.6,4.072818,0.128809
90.7,4.062699,0.127937
90.8,4.052997,0.126944
90.9,4.043536,0.125867
91,4.034359,0.124901
91.1,4.025471,0.123946
91.2,4.016926,0.12296
91.3,4.008756,0.122014
91.4,4.000532,0.121056
91.5,3.992676,0.120305
91.6,3.984829,0.119694
91.7,3.977071,0.119201
91.8,3.969527,0.118824
91.9,3.962198,0.118311
92,3.955341,0.117697
92.1,3.949344,0.116989
92.2,3.943986,0.11627
92.3,3.939298,0.115551
92.4,3.935205,0.114769
92.5,3.932261,0.114007
92.6,3.930176,0.113389
92.7,3.928624,0.112834
92.8,3.92795,0.112367
92.9,3.927762,0.111761
93,3.92795,0.111185
93.1,3.928229,0.110657
93.2,3.928642,0.110142
93.3,3.928931,0.109657
93.4,3.929042,0.109112
93.5,3.928864,0.108745
93.6,3.928582,0.108512
93.7,3.928166,0.108274
93.8,3.927234,0.108115
93.9,3.925836,0.107965
94,3.92389,0.10795
94.1,3.92125,0.108094
94.2,3.918136,0.108263
94.3,3.914436,0.108433
94.4,3.910512,0.108438
94.5,3.906141,0.108534
94.6,3.901324,0.108689
94.7,3.896142,0.108942
94.8,3.890929,0.109205
94.9,3.885592,0.109342
95,3.879637,0.109516
95.1,3.873687,0.109716
95.2,3.867226,0.109983
95.3,3.860399,0.110332
95.4,3.853334,0.110579
95.5,3.846365,0.110952
95.6,3.839194,0.111415
95.7,3.831579,0.1118
95.8,3.82309,0.112292
95.9,3.814543,0.112755
96,3.805812,0.113352
96.1,3.796639,0.113822
96.2,3.787818,0.114013
96.3,3.779745,0.113966
96.4,3.771899,0.113791
96.5,3.763869,0.113642
96.6,3.755902,0.113516
96.7,3.748325,0.113402
96.8,3.741207,0.112983
96.9,3.734245,0.11237
97,3.727798,0.111705
97.1,3.721901,0.111003
97.2,3.716404,0.110211
97.3,3.711505,0.109356
97.4,3.707089,0.108382
97.5,3.703657,0.107415
97.6,3.701106,0.106773
97.7,3.699281,0.106201
97.8,3.698141,0.105774
97.9,3.697112,0.105276
98,3.696462,0.104984
98.1,3.696288,0.104871
98.2,3.696455,0.104707
98.3,3.696904,0.104556
98.4,3.697973,0.104287
98.5,3.700186,0.103985
98.6,3.703475,0.103796
98.7,3.707545,0.103569
98.8,3.71205,0.103323
98.9,3.716474,0.10297
99,3.720692,0.102751
99.1,3.724701,0.102627
99.2,3.727846,0.102526
99.3,3.729773,0.102517
99.4,3.731072,0.102389
99.5,3.731573,0.102523
99.6,3.731504,0.102965
99.7,3.731446,0.103615
99.8,3.731774,0.104288
99.9,3.732453,0.104721
100,3.732737,0.105144
100.1,3.732309,0.105763
100.2,3.731133,0.106385
100.3,3.729436,0.107132
100.4,3.727624,0.107938
100.5,3.725753,0.108943
100.6,3.7238,0.110016
100.7,3.722361,0.111148
100.8,3.721836,0.112251
100.9,3.72124,0.113262
101,3.721579,0.11441
101.1,3.722755,0.115724
101.2,3.72461,0.117123
101.3,3.726591,0.118719
101.4,3.728886,0.12027
101.5,3.731276,0.121939
101.6,3.73424,0.123674
101.7,3.737128,0.12551
101.8,3.739982,0.12742
101.9,3.742803,0.12918
102,3.745416,0.131068
102.1,3.747722,0.1332
102.2,3.74967,0.135507
102.3,3.75135,0.138009
102.4,3.752917,0.140581
102.5,3.754318,0.143359
102.6,3.755179,0.146277
102.7,3.755818,0.149163
102.8,3.75653,0.151876
102.9,3.757351,0.154457
103,3.758387,0.156926
103.1,3.759997,0.159361
103.2,3.762318,0.161723
103.3,3.76512,0.164076
103.4,3.768578,0.166322
103.5,3.772896,0.168364
103.6,3.778508,0.170232
103.7,3.785289,0.171908
103.8,3.793074,0.173449
103.9,3.801327,0.174823
104,3.810697,0.175906
104.1,3.82112,0.176461
104.2,3.832092,0.176707
104.3,3.843406,0.176505
104.4,3.854577,0.175853
104.5,3.865883,0.174678
104.6,3.877115,0.172922
104.7,3.887832,0.170817
104.8,3.898355,0.168282
104.9,3.908577,0.16534
105,3.918062,0.162272
105.1,3.925969,0.159137
105.2,3.932571,0.155696
105.3,3.937896,0.152314
105.4,3.942497,0.149007
105.5,3.945466,0.145807
105.6,3.947159,0.142587
105.7,3.948361,0.139481
105.8,3.948395,0.136574
105.9,3.947915,0.133795
106,3.946316,0.131282
106.1,3.943809,0.129178
106.2,3.940614,0.127358
106.3,3.936954,0.12586
106.4,3.933095,0.124563
106.5,3.929119,0.123738
106.6,3.924587,0.123421
106.7,3.919701,0.123528
106.8,3.914897,0.124015
106.9,3.910029,0.124702
107,3.905539,0.125769
107.1,3.901946,0.127208
107.2,3.898884,0.128904
107.3,3.896869,0.130824
107.4,3.895675,0.13288
107.5,3.895587,0.135197
107.6,3.897417,0.137727
107.7,3.900887,0.140308
107.8,3.90623,0.142954
107.9,3.912666,0.14545
108,3.920485,0.147792
108.1,3.93027,0.149979
108.2,3.941435,0.15191
108.3,3.953475,0.153676
108.4,3.966141,0.155194
108.5,3.98023,0.156251
108.6,3.994889,0.157051
108.7,4.009627,0.157474
108.8,4.023994,0.157442
108.9,4.038138,0.15715
109,4.052029,0.156581
109.1,4.064652,0.155571
109.2,4.076835,0.154257
109.3,4.088091,0.152625
109.4,4.098584,0.150788
109.5,4.108105,0.148861
109.6,4.116091,0.146876
109.7,4.123029,0.144932
109.8,4.128882,0.143078
109.9,4.133995,0.141233
110,4.137553,0.139592
110.1,4.139742,0.138137
110.2,4.140589,0.136797
110.3,4.140505,0.135626
110.4,4.139711,0.134452
110.5,4.13753,0.133356
110.6,4.13464,0.132325
110.7,4.131074,0.131267
110.8,4.126831,0.13006
110.9,4.122413,0.128701
111,4.117764,0.127335
111.1,4.112933,0.126026
111.2,4.107919,0.12465
111.3,4.102978,0.123244
111.4,4.098081,0.121698
111.5,4.093564,0.120121
111.6,4.08917,0.118636
111.7,4.084829,0.117262
111.8,4.080348,0.116108
111.9,4.07596,0.114872
112,4.070898,0.113813
112.1,4.065177,0.112975
112.2,4.058922,0.112239
112.3,4.051995,0.111653
112.4,4.044419,0.111025
112.5,4.036045,0.110513
112.6,4.026873,0.110197
112.7,4.017142,0.109942
112.8,4.007041,0.109874
112.9,3.996802,0.109757
113,3.98627,0.109723
113.1,3.975527,0.109817
113.2,3.964526,0.110049
113.3,3.953531,0.110403
113.4,3.942581,0.110689
113.5,3.931911,0.111077
113.6,3.921396,0.111675
113.7,3.911116,0.112405
113.8,3.901221,0.113179
113.9,3.891264,0.113859
114,3.881205,0.1147
114.1,3.871189,0.115652
114.2,3.861293,0.116652
114.3,3.851249,0.117696
114.4,3.841151,0.118602
114.5,3.831263,0.119573
114.6,3.821869,0.120541
114.7,3.812887,0.121363
114.8,3.804176,0.122028
114.9,3.795911,0.122542
115,3.788368,0.122968
115.1,3.781624,0.123336
115.2,3.775661,0.123611
115.3,3.77037,0.123898
115.4,3.765401,0.124036
115.5,3.761097,0.124186
115.6,3.757138,0.124383
115.7,3.753338,0.124528
115.8,3.749939,0.124696
115.9,3.746735,0.124702
116,3.743676,0.124774
116.1,3.740593,0.124936
116.2,3.73727,0.125166
116.3,3.733674,0.125481
116.4,3.730058,0.125722
116.5,3.725901,0.126072
116.6,3.721449,0.126522
116.7,3.716737,0.126996
116.8,3.711647,0.127423
116.9,3.706287,0.127752
117,3.700632,0.128102
117.1,3.694409,0.128426
117.2,3.687702,0.12866
117.3,3.680627,0.128791
117.4,3.673299,0.128783
117.5,3.665663,0.128699
117.6,3.65748,0.12853
117.7,3.649117,0.128417
117.8,3.640541,0.128331
117.9,3.631598,0.128224
118,3.622275,0.128125
118.1,3.612648,0.128244
118.2,3.602624,0.1285
118.3,3.59207,0.128934
118.4,3.581193,0.129257
118.5,3.569434,0.129719
118.6,3.556919,0.130347
118.7,3.543981,0.130943
118.8,3.530532,0.1315
118.9,3.517008,0.131935
119,3.503006,0.132257
119.1,3.48849,0.132304
119.2,3.473453,0.132123
119.3,3.458123,0.131774
119.4,3.442915,0.131213
119.5,3.427988,0.130457
119.6,3.413544,0.129649
119.7,3.399713,0.128794
119.8,3.386355,0.127881
119.9,3.373022,0.126876
120,3.360328,0.125925
120.1,3.348284,0.125183
120.2,3.336674,0.12442
120.3,3.325607,0.123745
120.4,3.314741,0.123
120.5,3.304132,0.122364
120.6,3.293924,0.121672
120.7,3.284049,0.121005
120.8,3.274448,0.12037
120.9,3.265111,0.119749
121,3.256219,0.119187
121.1,3.24767,0.118751
121.2,3.239272,0.118409
121.3,3.231068,0.118124
121.4,3.223001,0.117745
121.5,3.215267,0.11745
121.6,3.207852,0.117248
121.7,3.200859,0.116964
121.8,3.194259,0.116609
121.9,3.187778,0.116212
122,3.181482,0.115876
122.1,3.175627,0.115595
122.2,3.169882,0.11532
122.3,3.164322,0.11519
122.4,3.158887,0.114991
122.5,3.153659,0.114867
122.6,3.148519,0.114835
122.7,3.143545,0.114783
122.8,3.138694,0.114729
122.9,3.133967,0.114542
123,3.129333,0.114355
123.1,3.124787,0.114253
123.2,3.120207,0.114268
123.3,3.115812,0.114306
123.4,3.111607,0.114266
123.5,3.107936,0.114242
123.6,3.104613,0.114254
123.7,3.101488,0.1143
123.8,3.098363,0.114388
123.9,3.09522,0.114429
124,3.091829,0.114577
124.1,3.088445,0.114791
124.2,3.085133,0.114957
124.3,3.081862,0.115176
124.4,3.078537,0.115329
124.5,3.075142,0.115533
124.6,3.071732,0.115852
124.7,3.068362,0.116205
124.8,3.065,0.116553
124.9,3.06167,0.116732
125,3.058342,0.116913
125.1,3.055022,0.11712
125.2,3.051809,0.117354
125.3,3.048802,0.117558
125.4,3.045812,0.117644
125.5,3.042998,0.117805
125.6,3.040318,0.117967
125.7,3.037615,0.118052
125.8,3.034886,0.118163
125.9,3.032326,0.118149
126,3.029877,0.118211
126.1,3.027429,0.118358
126.2,3.025162,0.118491
126.3,3.023229,0.118665
126.4,3.021482,0.118763
126.5,3.020015,0.118976
126.6,3.01885,0.119328
126.7,3.018049,0.119688
126.8,3.017427,0.120066
126.9,3.016906,0.120352
127,3.016832,0.120652
127.1,3.01736,0.121039
127.2,3.018403,0.121479
127.3,3.020083,0.121991
127.4,3.022245,0.122531
127.5,3.025142,0.123188
127.6,3.028549,0.123934
127.7,3.032446,0.124682
127.8,3.036938,0.125467
127.9,3.042012,0.126257
128,3.048065,0.127094
128.1,3.055088,0.127998
128.2,3.062757,0.128969
128.3,3.071202,0.130063
128.4,3.080122,0.131203
128.5,3.090105,0.13265
128.6,3.101113,0.134249
128.7,3.112965,0.135982
128.8,3.125419,0.137722
128.9,3.1381,0.139469
129,3.151457,0.141217
129.1,3.165946,0.142809
129.2,3.181508,0.144329
129.3,3.197924,0.145752
129.4,3.214793,0.147005
129.5,3.232414,0.147965
129.6,3.251196,0.148588
129.7,3.270287,0.14883
129.8,3.29016,0.148551
129.9,3.310162,0.148098
130,3.330091,0.147253
130.1,3.349847,0.146022
130.2,3.369487,0.144626
130.3,3.388974,0.143197
130.4,3.408393,0.141776
130.5,3.427692,0.140364
130.6,3.446828,0.139163
130.7,3.465908,0.138261
130.8,3.485147,0.137674
130.9,3.504597,0.137282
131,3.524673,0.137349
131.1,3.545385,0.137829
131.2,3.566776,0.138413
131.3,3.588794,0.138939
131.4,3.611283,0.139277
131.5,3.634288,0.139354
131.6,3.658064,0.139091
131.7,3.682346,0.138454
131.8,3.706823,0.137354
131.9,3.731186,0.135898
132,3.755394,0.134185
132.1,3.779195,0.132285
132.2,3.802694,0.130321
132.3,3.826,0.128345
132.4,3.849326,0.126493
132.5,3.872716,0.125033
132.6,3.896452,0.123909
132.7,3.920785,0.123095
132.8,3.946335,0.122629
132.9,3.972598,0.122204
133,4.000757,0.121873
133.1,4.031499,0.121587
133.2,4.063974,0.120992
133.3,4.097709,0.120258
133.4,4.131975,0.119318
133.5,4.166892,0.117957
133.6,4.201582,0.116366
133.7,4.235867,0.114659
133.8,4.268849,0.11285
133.9,4.301303,0.111062
134,4.332268,0.10948
134.1,4.361386,0.10815
134.2,4.389326,0.107187
134.3,4.416682,0.106507
134.4,4.444036,0.105897
134.5,4.472152,0.105693
134.6,4.50175,0.105949
134.7,4.532794,0.106465
134.8,4.565653,0.107096
134.9,4.59974,0.107648
135,4.635161,0.108316
135.1,4.670978,0.109111
135.2,4.706624,0.109841
135.3,4.741584,0.110325
135.4,4.775388,0.110581
135.5,4.806889,0.110671
135.6,4.835609,0.110585
135.7,4.861626,0.110242
135.8,4.884617,0.109797
135.9,4.90533,0.109115
136,4.921272,0.108238
136.1,4.932797,0.107632
136.2,4.940842,0.107311
136.3,4.945541,0.107222
136.4,4.949245,0.107151
136.5,4.952418,0.107348
136.6,4.955167,0.107868
136.7,4.958484,0.108477
136.8,4.96269,0.109196
136.9,4.966764,0.10971
137,4.970632,0.110284
137.1,4.974007,0.110961
137.2,4.976496,0.111654
137.3,4.978024,0.112381
137.4,4.979008,0.113071
137.5,4.978654,0.113939
137.6,4.977165,0.115015
137.7,4.974655,0.116207
137.8,4.970989,0.117459
137.9,4.967012,0.118512
138,4.962748,0.119646
138.1,4.958104,0.120842
138.2,4.953497,0.121982
138.3,4.948969,0.123112
138.4,4.944645,0.124016
138.5,4.940737,0.124794
138.6,4.937285,0.125552
138.7,4.934307,0.126228
138.8,4.931702,0.126904
138.9,4.929037,0.127491
139,4.926586,0.128147
139.1,4.924245,0.128881
139.2,4.921809,0.129616
139.3,4.919559,0.130377
139.4,4.917374,0.13105
139.5,4.914869,0.131759
139.6,4.912068,0.132556
139.7,4.908937,0.133323
139.8,4.905374,0.13408
139.9,4.90152,0.134713
140,4.89732,0.135355
140.1,4.892892,0.136042
140.2,4.888345,0.136713
140.3,4.883599,0.137331
140.4,4.878907,0.137802
140.5,4.874212,0.138253
140.6,4.86933,0.138642
140.7,4.864348,0.138949
140.8,4.859326,0.139208
140.9,4.854424,0.139343
141,4.849675,0.139448
141.1,4.84515,0.139544
141.2,4.840768,0.139561
141.3,4.8365,0.139481
141.4,4.83228,0.139249
141.5,4.828151,0.138935
141.6,4.824204,0.138623
141.7,4.820527,0.138348
141.8,4.817217,0.138167
141.9,4.814022,0.137902
142,4.811069,0.137676
142.1,4.80834,0.137514
142.2,4.805723,0.137355
142.3,4.803205,0.137165
142.4,4.800748,0.136938
142.5,4.798381,0.136778
142.6,4.796188,0.13669
142.7,4.794131,0.136701
142.8,4.792172,0.136826
142.9,4.790237,0.136901
143,4.788344,0.13698
143.1,4.78651,0.137139
143.2,4.784725,0.137312
143.3,4.782997,0.137504
143.4,4.781327,0.137746
143.5,4.779784,0.138201
143.6,4.778296,0.138742
143.7,4.776847,0.13928
143.8,4.775441,0.139956
143.9,4.774055,0.140639
144,4.772681,0.141329
144.1,4.771328,0.142142
144.2,4.769996,0.143061
144.3,4.76869,0.144049
144.4,4.767399,0.145083
144.5,4.76613,0.146275
144.6,4.764881,0.147575
144.7,4.763645,0.148904
144.8,4.762423,0.150285
144.9,4.761203,0.151638
145,4.759992,0.153016
145.1,4.758806,0.154478
145.2,4.757633,0.155973
145.3,4.756462,0.157452
145.4,4.755296,0.15892
145.5,4.754151,0.160446
145.6,4.753014,0.162003
145.7,4.75188,0.16359
145.8,4.750753,0.165185
145.9,4.74963,0.166791
146,4.748511,0.168406
146.1,4.747394,0.170009
146.2,4.746278,0.171601
146.3,4.745164,0.173183
146.4,4.744052,0.174755
146.5,4.742941,0.176317
146.6,4.741832,0.177883
146.7,4.740724,0.179454
146.8,4.739618,0.181016
146.9,4.738514,0.182569
147,4.737412,0.184112
147.1,4.736311,0.185647
147.2,4.735212,0.187172
147.3,4.734114,0.188688
147.4,4.733018,0.190195
147.5,4.731924,0.191693
147.6,4.730831,0.193182
147.7,4.72974,0.194662
147.8,4.728651,0.196133
147.9,4.727564,0.197595
148,4.726478,0.199048
148.1,4.725393,0.200491
148.2,4.724311,0.201926
148.3,4.723229,0.203352
148.4,4.72215,0.204768
148.5,4.721072,0.206176
148.6,4.719996,0.207574
148.7,4.718922,0.208964
148.8,4.717849,0.210344
148.9,4.716777,0.211715
149,4.715708,0.213077
149.1,4.71464,0.21443
149.2,4.713573,0.215775
149.3,4.712508,0.21711
149.4,4.711445,0.218436
149.5,4.710383,0.219753
149.6,4.709323,0.221061
149.7,4.708265,0.222361
149.8,4.707208,0.223651
149.9,4.706153,0.224933
150,4.705099,0.226206
